<?xml version="1.0" encoding="UTF-8"?>
<!--
  ~ JBoss, Home of Professional Open Source.
  ~ Copyright 2011, Red Hat, Inc., and individual contributors
  ~ as indicated by the @author tags. See the copyright.txt file in the
  ~ distribution for a full listing of individual contributors.
  ~
  ~ This is free software; you can redistribute it and/or modify it
  ~ under the terms of the GNU Lesser General Public License as
  ~ published by the Free Software Foundation; either version 2.1 of
  ~ the License, or (at your option) any later version.
  ~
  ~ This software is distributed in the hope that it will be useful,
  ~ but WITHOUT ANY WARRANTY; without even the implied warranty of
  ~ MERCHANTABILITY or FITNESS FOR A PARTICULAR PURPOSE. See the GNU
  ~ Lesser General Public License for more details.
  ~
  ~ You should have received a copy of the GNU Lesser General Public
  ~ License along with this software; if not, write to the Free
  ~ Software Foundation, Inc., 51 Franklin St, Fifth Floor, Boston, MA
  ~ 02110-1301 USA, or see the FSF site: http://www.fsf.org.
  -->
<module name="io.undertow.core" xmlns="urn:jboss:module:1.6">
    <resources>
        <resource-root path="undertow-core-2.2.12.Final.jar"/>
    </resources>

    <dependencies>
        <module name="java.naming"/>
        <module name="java.security.jgss"/>
        <module name="java.sql"/>
        <module name="jdk.unsupported"/>
        <module name="org.jboss.xnio"/>
        <module name="org.jboss.xnio.nio" services="import"/>
        <module name="org.jboss.logging"/>
        <module name="org.wildfly.openssl" optional="true"/>
        <module name="org.wildfly.security.elytron-web.undertow-server" services="import"/>
        <module name="sun.jdk"/>
            <system export="true">
                <paths>
                    <!-- Needed for HTTP2 and SPDY support-->
                    <path name="org/eclipse/jetty/alpn"/>
                </paths>
            </system>
    </dependencies>
</module>
