<?xml version="1.0" encoding="UTF-8"?>
<!--
  ~ Copyright 2021 Red Hat, Inc.
  ~
  ~ Licensed under the Apache License, Version 2.0 (the "License");
  ~ you may not use this file except in compliance with the License.
  ~ You may obtain a copy of the License at
  ~
  ~   http://www.apache.org/licenses/LICENSE-2.0
  ~
  ~ Unless required by applicable law or agreed to in writing, software
  ~ distributed under the License is distributed on an "AS IS" BASIS,
  ~ WITHOUT WARRANTIES OR CONDITIONS OF ANY KIND, either express or implied.
  ~ See the License for the specific language governing permissions and
  ~ limitations under the License.
  -->
<module name="org.jboss.resteasy.resteasy-core-spi" xmlns="urn:jboss:module:1.9">

    <resources>
        <resource-root path="resteasy-core-spi-4.7.2.Final.jar"/>
    </resources>

    <dependencies>
        <module name="java.desktop"/>
        <module name="java.logging"/>
        <module name="java.management"/>
        <module name="java.naming"/>
        <module name="java.xml"/>
        <module name="javax.activation.api"/>
        <module name="javax.annotation.api"/>
        <module name="javax.enterprise.api"/>
        <module name="javax.servlet.api"/>
        <module name="javax.validation.api"/>
        <module name="javax.xml.bind.api"/>
        <module name="javax.ws.rs.api"/>
        <module name="org.jboss.logging"/>
        <module name="org.reactivestreams"/>
    </dependencies>
</module>
